{"cameraMode":{"drawMode":0,"name":"Shaded","section":"Shading Mode"},"sceneLighting":true,"audioPlay":false,"sceneViewState":{"showFog":true,"showMaterialUpdate":false,"showSkybox":true,"showFlares":true,"showImageEffects":true,"showParticleSystems":true},"in2DMode":false,"pivot":{"x":-4.019824504852295,"y":-0.42965537309646609,"z":-11.96948528289795},"rotation":{"x":-0.07422521710395813,"y":0.7766456007957459,"z":-0.6186046004295349,"w":-0.09316770732402802},"size":33.508941650390628,"orthographic":false}