{"cameraMode":{"drawMode":0,"name":"Shaded","section":"Shading Mode"},"sceneLighting":false,"audioPlay":false,"sceneViewState":{"showFog":true,"showMaterialUpdate":false,"showSkybox":false,"showFlares":true,"showImageEffects":true,"showParticleSystems":true},"in2DMode":false,"pivot":{"x":0.0,"y":0.11319005489349365,"z":-0.0014225021004676819},"rotation":{"x":-0.004504234995692968,"y":-0.9917125701904297,"z":0.12321382761001587,"w":-0.03632113337516785},"size":1.4652466773986817,"orthographic":false}