{"cameraMode":{"drawMode":0,"name":"Shaded","section":"Shading Mode"},"sceneLighting":true,"audioPlay":false,"sceneViewState":{"showFog":true,"showMaterialUpdate":false,"showSkybox":true,"showFlares":true,"showImageEffects":true,"showParticleSystems":true},"in2DMode":false,"pivot":{"x":20.576786041259767,"y":11.31995964050293,"z":2.1106085777282717},"rotation":{"x":0.0007610947359353304,"y":0.9980829358100891,"z":0.060849059373140338,"w":-0.012879001908004284},"size":11.925186157226563,"orthographic":false}