{"cameraMode":{"drawMode":0,"name":"Shaded","section":"Shading Mode"},"sceneLighting":false,"audioPlay":false,"sceneViewState":{"showFog":true,"showMaterialUpdate":false,"showSkybox":false,"showFlares":true,"showImageEffects":true,"showParticleSystems":true},"in2DMode":false,"pivot":{"x":-3.0999999046325685,"y":-1.399999976158142,"z":0.0},"rotation":{"x":0.16514527797698975,"y":0.007688875310122967,"z":-0.0012882464798167348,"w":0.9862427115440369},"size":0.27156952023506167,"orthographic":false}