{"cameraMode":{"drawMode":0,"name":"Shaded","section":"Shading Mode"},"sceneLighting":false,"audioPlay":false,"sceneViewState":{"showFog":true,"showMaterialUpdate":false,"showSkybox":false,"showFlares":true,"showImageEffects":true,"showParticleSystems":true},"in2DMode":false,"pivot":{"x":13.173765182495118,"y":0.7080792188644409,"z":0.9890882968902588},"rotation":{"x":-0.018000544980168344,"y":-0.723831295967102,"z":0.018909061327576639,"w":-0.6894943118095398},"size":1.4181559085845948,"orthographic":false}